{
    "CreationDate": "2017-Jun-27",
    "DEC": 7.583329651092242e-06,
    "NHI": 0.0,
    "Name": "J000000.0015+000000.0091_z0.450",
    "RA": 1.908333479658155e-05,
    "Refs": [],
    "ZH": 0.0,
    "abs_type": "IGMSystem",
    "class": "IGMSystem",
    "components": {},
    "flag_NHI": 0,
    "flag_ZH": 0,
    "kin": {},
    "sig_NHI": [
        0.0,
        0.0
    ],
    "sig_ZH": 0.0,
    "user": "smailagic",
    "vlim": [
        -436.8278458832481,
        272.79222325664966
    ],
    "zabs": 0.4501825126298246,
    "zem": 0.0
}