{
    "CreationDate": "2017-Jul-04",
    "DEC": 1.2638879683285611e-05,
    "NHI": 0.0,
    "Name": "J000000.0015+000000.0091_z0.474",
    "RA": 3.180555921367576e-05,
    "Refs": [],
    "ZH": 0.0,
    "abs_type": "IGMSystem",
    "class": "IGMSystem",
    "components": {},
    "flag_NHI": 0,
    "flag_ZH": 0,
    "kin": {},
    "sig_NHI": [
        0.0,
        0.0
    ],
    "sig_ZH": 0.0,
    "user": "smailagic",
    "vlim": [
        -122.75650046548971,
        122.75650046552356
    ],
    "zabs": 0.4744881438910892,
    "zem": 0.0
}