{
    "CreationDate": "2017-Jul-04",
    "DEC": 1.0111104974042444e-05,
    "NHI": 0.0,
    "Name": "J000000.0015+000000.0091_z0.439",
    "RA": 2.5444446883191363e-05,
    "Refs": [],
    "ZH": 0.0,
    "abs_type": "IGMSystem",
    "class": "IGMSystem",
    "components": {},
    "flag_NHI": 0,
    "flag_ZH": 0,
    "kin": {},
    "sig_NHI": [
        0.0,
        0.0
    ],
    "sig_ZH": 0.0,
    "user": "smailagic",
    "vlim": [
        -164.61895485199153,
        164.6189548520609
    ],
    "zabs": 0.4393055475772372,
    "zem": 0.0
}